<?xml version="1.0" encoding="UTF-8"?>
<mxGraphModel dx="872" dy="403" grid="1" gridSize="10" guides="1" tooltips="1" connect="1" arrows="1" fold="1" page="1" pageScale="1" pageWidth="827" pageHeight="1169" math="0" shadow="0"><root><mxCell id="0"/><mxCell id="1" parent="0"/><mxCell id="4" value="Press()" style="html=1;verticalAlign=bottom;endArrow=block;exitX=1.6;exitY=0.161;exitPerimeter=0;" parent="1" source="26" target="24" edge="1"><mxGeometry width="80" relative="1" as="geometry"><mxPoint x="90" y="170" as="sourcePoint"/><mxPoint x="170" y="170" as="targetPoint"/></mxGeometry></mxCell><mxCell id="12" value="Create&lt;br&gt;" style="html=1;verticalAlign=bottom;endArrow=block;" parent="1" edge="1"><mxGeometry x="0.0769" y="-20" width="80" relative="1" as="geometry"><mxPoint x="363.5" y="269.5" as="sourcePoint"/><mxPoint x="488.5" y="269.5" as="targetPoint"/><mxPoint as="offset"/></mxGeometry></mxCell><mxCell id="15" value="Fill()" style="html=1;verticalAlign=bottom;endArrow=block;" parent="1" edge="1"><mxGeometry width="80" relative="1" as="geometry"><mxPoint x="60" y="321" as="sourcePoint"/><mxPoint x="530" y="320" as="targetPoint"/></mxGeometry></mxCell><mxCell id="16" value="Submit()&lt;br&gt;" style="html=1;verticalAlign=bottom;endArrow=block;" parent="1" edge="1"><mxGeometry width="80" relative="1" as="geometry"><mxPoint x="60" y="341" as="sourcePoint"/><mxPoint x="530" y="341" as="targetPoint"/></mxGeometry></mxCell><mxCell id="22" value="Control:ModificaDati&lt;br&gt;" style="shape=umlLifeline;perimeter=lifelinePerimeter;whiteSpace=wrap;html=1;container=1;collapsible=0;recursiveResize=0;outlineConnect=0;" parent="1" vertex="1"><mxGeometry x="314" y="184" width="100" height="280" as="geometry"/></mxCell><mxCell id="29" value="" style="html=1;points=[];perimeter=orthogonalPerimeter;" parent="22" vertex="1"><mxGeometry x="46" y="51" width="10" height="229" as="geometry"/></mxCell><mxCell id="37" value="AggiornaDati&lt;br&gt;" style="html=1;verticalAlign=bottom;endArrow=block;entryX=-0.4;entryY=0.488;entryPerimeter=0;" parent="22" target="38" edge="1"><mxGeometry width="80" relative="1" as="geometry"><mxPoint x="56" y="256" as="sourcePoint"/><mxPoint x="396" y="256" as="targetPoint"/></mxGeometry></mxCell><mxCell id="23" value="Boundary:ModificaDati&lt;br&gt;" style="shape=umlLifeline;perimeter=lifelinePerimeter;whiteSpace=wrap;html=1;container=1;collapsible=0;recursiveResize=0;outlineConnect=0;" parent="1" vertex="1"><mxGeometry x="160" y="70" width="100" height="390" as="geometry"/></mxCell><mxCell id="24" value="" style="html=1;points=[];perimeter=orthogonalPerimeter;" parent="23" vertex="1"><mxGeometry x="45" y="70" width="10" height="80" as="geometry"/></mxCell><mxCell id="27" value="" style="endArrow=block;dashed=1;endFill=0;endSize=12;html=1;" parent="23" edge="1"><mxGeometry width="160" relative="1" as="geometry"><mxPoint x="60" y="130" as="sourcePoint"/><mxPoint x="150" y="130" as="targetPoint"/></mxGeometry></mxCell><mxCell id="25" value="Actor:Utente&lt;br&gt;" style="shape=umlLifeline;perimeter=lifelinePerimeter;whiteSpace=wrap;html=1;container=1;collapsible=0;recursiveResize=0;outlineConnect=0;" parent="1" vertex="1"><mxGeometry y="85" width="100" height="370" as="geometry"/></mxCell><mxCell id="26" value="" style="html=1;points=[];perimeter=orthogonalPerimeter;" parent="25" vertex="1"><mxGeometry x="45" y="45" width="10" height="325" as="geometry"/></mxCell><mxCell id="28" value="Create&lt;br&gt;" style="text;html=1;resizable=0;points=[];autosize=1;align=left;verticalAlign=top;spacingTop=-4;" parent="1" vertex="1"><mxGeometry x="239" y="174" width="50" height="20" as="geometry"/></mxCell><mxCell id="30" value="Boundary:FormDiModifica" style="shape=umlLifeline;perimeter=lifelinePerimeter;whiteSpace=wrap;html=1;container=1;collapsible=0;recursiveResize=0;outlineConnect=0;" parent="1" vertex="1"><mxGeometry x="490" y="235" width="100" height="235" as="geometry"/></mxCell><mxCell id="31" value="" style="html=1;points=[];perimeter=orthogonalPerimeter;" parent="30" vertex="1"><mxGeometry x="45" y="56" width="10" height="114" as="geometry"/></mxCell><mxCell id="35" value="SubmitDone()" style="html=1;verticalAlign=bottom;endArrow=open;dashed=1;endSize=8;" parent="1" edge="1"><mxGeometry relative="1" as="geometry"><mxPoint x="530" y="360" as="sourcePoint"/><mxPoint x="370" y="360" as="targetPoint"/></mxGeometry></mxCell><mxCell id="36" value="Manage:Utente" style="shape=umlLifeline;perimeter=lifelinePerimeter;whiteSpace=wrap;html=1;container=1;collapsible=0;recursiveResize=0;outlineConnect=0;" parent="1" vertex="1"><mxGeometry x="660" y="108" width="100" height="372" as="geometry"/></mxCell><mxCell id="38" value="" style="html=1;points=[];perimeter=orthogonalPerimeter;" parent="36" vertex="1"><mxGeometry x="45" y="292" width="10" height="80" as="geometry"/></mxCell></root></mxGraphModel>